{"total_return":0.9969798607,"annualized_return":0.4887361584,"volatility":0.286894486,"sharpe_ratio":1.5309065398,"sortino_ratio":2.4030993127,"max_drawdown":0.2590266973,"max_drawdown_start":29.0,"max_drawdown_end":83.0,"calmar_ratio":1.6956124308,"win_rate":0.5547945205,"gain_loss_ratio":1.0382996446,"omega_ratio":1.2938810956,"skewness":0.0894658264,"kurtosis":0.8495928724,"var_95":-0.0284610888,"cvar_95":-0.0373927687}